path	bytes	sha256
Dockerfile	235	df56d9f56bf479cadba4a06f1f82617b50757a561267ee5d35834969aefe06ce
LICENSE	11341	68c3ba87a6d623bd47ea90449ca54e7bf5e247cee799eb54e8bd094fb9878c29
Paper-MemoryOS.pdf	798075	b251fe65d6778e26054c41c7f64328f002ac298279bf857ce9ddbd41f054dbcc
README.md	20378	1580d664129c9804fa59b1327952ec11bd504ec85672b214b76dc2a8fe1df151
docs/docs.html	28078	ba06d031d04fced6956c17c628ebedf4d3bd41b1c15cf55d2ed9ebf268ebe110
docs/local1.png	209777	405ef6a3bc1ad32a3685d03e310094b4efa7d3e3b365c27cc37c5e8fd131d2d9
docs/local2.png	149039	b9c37b95833290f595cd42210c6cda876098eeffd3d12f617fe4111de66d3da5
docs/memoryos.png	141582	e53066607ed9220e1c74da23498a073b4f8c29d9029b23ce7587d6ab7a88ab6f
eval/dynamic_update.py	7637	301179741c84e18b84cc82cc7a11c0d6d02afc250b324a9960f2e3dc38844c1f
eval/evalution_loco.py	2350	e6b21ddb637a99160408ab3a6bb17dec636a43700b196fb739883a377a069401
eval/locomo10.json	2805274	79fa87e90f04081343b8c8debecb80a9a6842b76a7aa537dc9fdf651ea698ff4
eval/long_term_memory.py	5274	c85ed8c74c3e58b12381f349f2badabbdc8cb7a81e9ccad2ef084cc8fafcddf8
eval/main_loco_parse.py	13586	964a0d0d782c4c24a58ff42724ab8aba7f16c0e0602bfa430bc36db48f6ddf0e
eval/mid_term_memory.py	11705	035b66d220348818d7355117fbfb6a902a30ca27fcacb22093b1ffde90d9054b
eval/retrieval_and_answer.py	2580	675244ff5676c6f0216ddf7893eafadf2a2a82b6aad5d346f1e223465fccbc91
eval/short_term_memory.py	1480	949b5d7208f49b69b16ee4f6ff3cd0f4c7388f6713a3230cc6d57656c2250038
eval/utils.py	15091	a3397162512d94646252cf30848fb4fda94a5f6c5cd7ab1c23a442dbeebb9bd2
memoryos-chromadb/__init__.py	55	2da33250733b279298e072565a70d7bba74e9d65ec39b92c7c6a8d00dcef7487
memoryos-chromadb/comprehensive_test.py	10177	aecea10aa2a48efe1f4d66c8fab44a144a38e4ebd30b57ede8f2bfe44ca19fb9
memoryos-chromadb/long_term.py	4483	a2a232fca74ef029b65b5217e0f5345dd8642563a79210b826748780f9d16741
memoryos-chromadb/memoryos.py	18683	6f57a1bf66937d7c9b49743f3370351efbae85bbecded582dd4df3cc09e930d1
memoryos-chromadb/mid_term.py	17347	f23f37b11afe91618a70e865a48a10aabeb09d564e809b13395c40624e758e0c
memoryos-chromadb/prompts.py	12816	432ae8481b21fe7ce54f79493c93a41707046f94001d0139e112bcf793eeed9f
memoryos-chromadb/requirements.txt	656	59eef9c8e0bc1d1671354df9742abc41d6bebe3ddce2ca04f9a1e60cb649321a
memoryos-chromadb/retriever.py	7722	f1934e93ab0b960944975641e5a9b29d6b2381606966e9017b45dcbbd7330a0b
memoryos-chromadb/short_term.py	1959	747c6916939e4cce893ff2d991e3155de6917096491626b4eaa8806de8caef52
memoryos-chromadb/storage_provider.py	17520	eea5a7e7b9d1176b65fd9ed88ad0ac152429a0c0c2f1b96726417bbba7edd404
memoryos-chromadb/updater.py	11463	018f15ea7427b7dcfa7281b22986ac390763e7522279967cf6eabc74b5073189
memoryos-chromadb/utils.py	12654	7f3653bc5989afc92e5246607c1da52d77a7744751ced1f9e6caf47596c3636a
memoryos-mcp/config.json	438	e7890f0a1e1626595627956d4c6d261d34b4a78c1f41b9d754520a74f4c0000e
memoryos-mcp/mcp.json	1238	4a270de18e8fc74bf19f0fedfc8c1c8f47217de9860247749b3ec698afd8ac7c
memoryos-mcp/memoryos/__init__.py	55	2da33250733b279298e072565a70d7bba74e9d65ec39b92c7c6a8d00dcef7487
memoryos-mcp/memoryos/long_term.py	8226	7f8a12dfd70ff75a3868fb42f028a1c1afb936d07c74137d0ee845db87df5653
memoryos-mcp/memoryos/memoryos.py	19335	ab2eb83c5f66a4e49f9f573cfe97cc25fd782d86e30b4462ab21f6039ed11167
memoryos-mcp/memoryos/mid_term.py	19951	7675accd2c64d4518ec2c44b1d92f5621b2c82f2e153b3cfd61f192f32a69a8f
memoryos-mcp/memoryos/prompts.py	13254	3842f98e8a2f4a1723ab8d748cbfbbc3142d61aca3714f445db3c72a1b192989
memoryos-mcp/memoryos/requirements.txt	635	c9a8bf3093f17fb70b45865acc5c1b0f81128e8c009a6acd16e20eee7fba542a
memoryos-mcp/memoryos/retriever.py	7287	79a7080f954a5e6b74488ccb451c792afd8b8154c3db52ca31735a6498dc50a9
memoryos-mcp/memoryos/short_term.py	2690	d8d01bdc67edb77bee0003ffc23114d93d1348d4019a6f7aa92212253a7f011e
memoryos-mcp/memoryos/test.py	1567	7a1a5c0f70e99935051cdb69357e48dd3aa4c807ef46c669a308e74e5b5fdea3
memoryos-mcp/memoryos/updater.py	12811	f91e9478d93139dd505e0a9521ebd48d2ce9d00120110db11fd93bb5d47074d6
memoryos-mcp/memoryos/utils.py	17279	b3ff9d1f4b8bfa72e1ff11c342c1242c810f5194e055cfeb6cb5a78118f3c7f5
memoryos-mcp/requirements.txt	565	291ae6003e3bebdf0e32f3dd52615dfa675adc7d436b43f899ab077cfd65964e
memoryos-mcp/server_new.py	10604	2c5351941d8167c7f6c3c7406c5ac9ed60290cfc30aa897f682796075c43f33e
memoryos-mcp/test_simple.py	14745	154180d76cc723ca3724eef4a98f7b722b5393158c6396ef6604c84c62a4dfd0
memoryos-playground/__init__.py	55	2da33250733b279298e072565a70d7bba74e9d65ec39b92c7c6a8d00dcef7487
memoryos-playground/long_term.py	8226	7f8a12dfd70ff75a3868fb42f028a1c1afb936d07c74137d0ee845db87df5653
memoryos-playground/memdemo/app.py	16972	fb449162241f3d40b2a8ebd1c408e02226e84f5a0b8967b61eb1f03313980640
memoryos-playground/memdemo/requirements.txt	64	d01800db0b5056fe369ccb14a7a323a859d20edce7394408af44c434f9d48a1e
memoryos-playground/memdemo/sample_conversations.json	58007	266f28da2d6f83be04fcc9305c621daf8d6af6a249ffc07f69cf6d1e11ff3598
memoryos-playground/memdemo/start_demo.sh	745	e7ab5b71e83d7a2586ddc7fbc3ed1084b2ce7df19156c415c8cb81fed66fc92e
memoryos-playground/memdemo/templates/index.html	62904	eea2a4df02ae5c879a22e4ea2f3fb8cadd6c3413cb17dc1f055ffe0af3248048
memoryos-playground/memoryos.py	19335	ab2eb83c5f66a4e49f9f573cfe97cc25fd782d86e30b4462ab21f6039ed11167
memoryos-playground/mid_term.py	19951	4f6968d6dffae0c9521076ad638222ad4510d6d17181bd046a38d7c9cf4de6e9
memoryos-playground/prompts.py	12816	432ae8481b21fe7ce54f79493c93a41707046f94001d0139e112bcf793eeed9f
memoryos-playground/requirements.txt	623	6d9b1582195264cd5cbc13252f8633e8a5ec0d6e8c4510479201bd2d76efda21
memoryos-playground/retriever.py	7287	79a7080f954a5e6b74488ccb451c792afd8b8154c3db52ca31735a6498dc50a9
memoryos-playground/short_term.py	2690	d8d01bdc67edb77bee0003ffc23114d93d1348d4019a6f7aa92212253a7f011e
memoryos-playground/test.py	3541	72e9901c1e3c9b83af42b87f1aac343f8ad6a625979542b4126798e59a820670
memoryos-playground/updater.py	12817	17c34d45db6ba7c95d4f11122b6ae0e37cccb5b60d5dc4fa3434930f59f7dde3
memoryos-playground/utils.py	16825	419c4f0907dd795c703339573eb34888040822e2d3f2c60b0d045ba5d4f9a0b8
memoryos-pypi/__init__.py	55	2da33250733b279298e072565a70d7bba74e9d65ec39b92c7c6a8d00dcef7487
memoryos-pypi/long_term.py	8226	7f8a12dfd70ff75a3868fb42f028a1c1afb936d07c74137d0ee845db87df5653
memoryos-pypi/memoryos.py	20722	f4779d6b9d4dd68732282b82421824e37372a6a5259d345a026977971249c344
memoryos-pypi/mid_term.py	19951	4f6968d6dffae0c9521076ad638222ad4510d6d17181bd046a38d7c9cf4de6e9
memoryos-pypi/prompts.py	12816	432ae8481b21fe7ce54f79493c93a41707046f94001d0139e112bcf793eeed9f
memoryos-pypi/requirements.txt	628	3c7ae69a3b701afac009185fd7d0f6997b1f6112f27f8cb1b3b146a1b6021e52
memoryos-pypi/retriever.py	7287	79a7080f954a5e6b74488ccb451c792afd8b8154c3db52ca31735a6498dc50a9
memoryos-pypi/short_term.py	2690	d8d01bdc67edb77bee0003ffc23114d93d1348d4019a6f7aa92212253a7f011e
memoryos-pypi/test.py	3339	eef5ba0e4fafc4df43bf2ff3b4b569130c42103ff7e1655f4ba655d1ffb81758
memoryos-pypi/updater.py	12817	17c34d45db6ba7c95d4f11122b6ae0e37cccb5b60d5dc4fa3434930f59f7dde3
memoryos-pypi/utils.py	16825	419c4f0907dd795c703339573eb34888040822e2d3f2c60b0d045ba5d4f9a0b8
readme_cn.md	15607	5616b505053222c2fb3f3e0c76e1161e39f204b4a2987cd6a56d36f1a51414e4
